article_url,link_id,url,anchor_text,method,sentence_before,sentence_after
"https://libertyprinterfix.com/hp/ink-toner-issues/cancel-instant-ink-keep-printer-working","L15","https://www.hp.com/us-en/printers/instant-ink.html","Instant Ink","existing_phrase","Before touching your Instant Ink account settings at all, figure out which standard (non-subscription) ink cartridges your printer model uses, and order them — from HP directly, an authorized retailer, or wherever you'd normally buy printer supplies.","Before touching your <a href=""https://www.hp.com/us-en/printers/instant-ink.html"" target=""_blank"" rel=""noopener"">Instant Ink</a> account settings at all, figure out which standard (non-subscription) ink cartridges your printer model uses, and order them — from HP directly, an authorized retailer, or wherever you'd normally buy printer supplies."
"https://libertyprinterfix.com/hp/ink-toner-issues/cancel-instant-ink-keep-printer-working","L12","https://www.hp.com/hp-app","HP Smart app","existing_phrase","Check your printer's setup documentation, the HP Smart app, or your account details for whether your specific printer was activated as an HP+ printer during initial setup.","Check your printer's setup documentation, the <a href=""https://www.hp.com/hp-app"" target=""_blank"" rel=""noopener"">HP Smart app</a>, or your account details for whether your specific printer was activated as an HP+ printer during initial setup."
"https://libertyprinterfix.com/hp/ink-toner-issues/cancel-instant-ink-keep-printer-working","L10","https://www.hp.com/us-en/tech-takes/printers/troubleshooting/printer-troubleshooting-common-problems-quick-fixes.html","test page","existing_phrase","Once your standard cartridges have arrived and your Instant Ink cancellation has processed, remove the old Instant Ink cartridges, install the new standard ones, and print a test page — ideally a day or two before you actually need the printer for something time-sensitive, not the morning of.","Once your standard cartridges have arrived and your Instant Ink cancellation has processed, remove the old Instant Ink cartridges, install the new standard ones, and print a <a href=""https://www.hp.com/us-en/tech-takes/printers/troubleshooting/printer-troubleshooting-common-problems-quick-fixes.html"" target=""_blank"" rel=""noopener"">test page</a> — ideally a day or two before you actually need the printer for something time-sensitive, not the morning of."
"https://libertyprinterfix.com/hp/ink-toner-issues/how-to-bypass-hp-plus-without-instant-ink","L15","https://www.hp.com/us-en/printers/instant-ink.html","Instant Ink","existing_phrase","HP+ and Instant Ink are two different things — confusing them is why this question feels so tangled.","HP+ and <a href=""https://www.hp.com/us-en/printers/instant-ink.html"" target=""_blank"" rel=""noopener"">Instant Ink</a> are two different things — confusing them is why this question feels so tangled."
"https://libertyprinterfix.com/hp/ink-toner-issues/how-to-bypass-hp-plus-without-instant-ink","L16","https://www.hp.com/contacthp/","warranty","existing_phrase","Be skeptical of ""firmware downgrade"" guides — they're real attempts some people have made, but they're risky, unreliable, and can void your warranty entirely.","Be skeptical of ""firmware downgrade"" guides — they're real attempts some people have made, but they're risky, unreliable, and can void your <a href=""https://www.hp.com/contacthp/"" target=""_blank"" rel=""noopener"">warranty</a> entirely."
"https://libertyprinterfix.com/hp/drivers-software-firmware/hp-borderless-printing-grayed-out","L16","https://www.hp.com/contacthp/","contact HP","existing_phrase","and reinstalled if needed — and borderless printing still won't activate — contact HP support with your printer's exact model and confirm directly whether your model supports borderless printing at all for the paper size you're trying to use.","and reinstalled if needed — and borderless printing still won't activate — <a href=""https://www.hp.com/contacthp/"" target=""_blank"" rel=""noopener"">contact HP</a> support with your printer's exact model and confirm directly whether your model supports borderless printing at all for the paper size you're trying to use."
"https://libertyprinterfix.com/hp/error-codes-alerts/hp-color-laserjet-m283fdw-error-59","L12","https://www.hp.com/hp-app","HP Smart app","existing_phrase","Or use the HP Smart app / HP Toolbox software on a connected computer to do the same.","Or use the <a href=""https://www.hp.com/hp-app"" target=""_blank"" rel=""noopener"">HP Smart app</a> / HP Toolbox software on a connected computer to do the same."
"https://libertyprinterfix.com/hp/error-codes-alerts/hp-color-laserjet-m283fdw-error-59","L16","https://www.hp.com/contacthp/","Contact HP","existing_phrase","Contact HP support with your serial number .","<a href=""https://www.hp.com/contacthp/"" target=""_blank"" rel=""noopener"">Contact HP</a> support with your serial number ."
"https://libertyprinterfix.com/hp/print-quality-issues/hp-designjet-banding-on-long-prints-fix","L9","https://support.hp.com/us-en/document/c05029966","banding","existing_phrase","Check room humidity: Excessive humidity softens bond paper, causing uneven expansion and feed banding during multi-meter banner runs.","Check room humidity: Excessive humidity softens bond paper, causing uneven expansion and feed <a href=""https://support.hp.com/us-en/document/c05029966"" target=""_blank"" rel=""noopener"">banding</a> during multi-meter banner runs."
"https://libertyprinterfix.com/hp/hardware-maintenance/hp-designjet-cutter-not-cutting-cleanly-fix","L4","https://support.hp.com/us-en/help/printer/paper-jam","paper jam","existing_phrase","A severe paper jam can force the cutter carriage off its guide rails:","A severe <a href=""https://support.hp.com/us-en/help/printer/paper-jam"" target=""_blank"" rel=""noopener"">paper jam</a> can force the cutter carriage off its guide rails:"
"https://libertyprinterfix.com/hp/paper-handling-issues/hp-designjet-paper-roll-wont-load-fix","L4","https://support.hp.com/us-en/help/printer/paper-jam","Fix paper jam errors","added_sentence","","HP's own guide to <a href=""https://support.hp.com/us-en/help/printer/paper-jam"" target=""_blank"" rel=""noopener"">Fix paper jam errors</a> covers the same checks."
"https://libertyprinterfix.com/hp/print-quality-issues/hp-designjet-printhead-alignment-failed-fix","L9","https://support.hp.com/us-en/document/c05029966","Print Quality","existing_phrase","Run a Nozzle Health Check: Navigate to Setup > Print Quality Maintenance > Print Diagnostic Image.","Run a Nozzle Health Check: Navigate to Setup > <a href=""https://support.hp.com/us-en/document/c05029966"" target=""_blank"" rel=""noopener"">Print Quality</a> Maintenance > Print Diagnostic Image."
"https://libertyprinterfix.com/hp/print-quality-issues/hp-designjet-printhead-alignment-failed-fix","L10","https://www.hp.com/us-en/tech-takes/printers/troubleshooting/printer-troubleshooting-common-problems-quick-fixes.html","clean the printhead","existing_phrase","Replace severely depleted printheads: If an entire color bar is completely blank, clean the printhead once.","Replace severely depleted printheads: If an entire color bar is completely blank, <a href=""https://www.hp.com/us-en/tech-takes/printers/troubleshooting/printer-troubleshooting-common-problems-quick-fixes.html"" target=""_blank"" rel=""noopener"">clean the printhead</a> once."
"https://libertyprinterfix.com/hp/ink-toner-issues/hp-deskjet-2755e-cartridge-not-recognized","L16","https://www.hp.com/contacthp/","contact HP","existing_phrase","If a known-good genuine cartridge also fails, contact HP support with your printer's serial number, since this points toward a fault in the.","If a known-good genuine cartridge also fails, <a href=""https://www.hp.com/contacthp/"" target=""_blank"" rel=""noopener"">contact HP</a> support with your printer's serial number, since this points toward a fault in the."
"https://libertyprinterfix.com/hp/paper-handling-issues/hp-deskjet-2755e-paper-jam-no-paper","L12","https://www.hp.com/hp-app","HP Smart app","existing_phrase","In the HP Smart app: tap your printer > Printer Details > Update Printer.","In the <a href=""https://www.hp.com/hp-app"" target=""_blank"" rel=""noopener"">HP Smart app</a>: tap your printer > Printer Details > Update Printer."
"https://libertyprinterfix.com/hp/paper-handling-issues/hp-deskjet-2755e-paper-jam-no-paper","L4","https://support.hp.com/us-en/help/printer/paper-jam","paper jam","existing_phrase","How many paper jam sensors does the HP DeskJet 2755e have?","How many <a href=""https://support.hp.com/us-en/help/printer/paper-jam"" target=""_blank"" rel=""noopener"">paper jam</a> sensors does the HP DeskJet 2755e have?"
"https://libertyprinterfix.com/hp/paper-handling-issues/hp-deskjet-2755e-paper-jam-no-paper","L16","https://www.hp.com/contacthp/","contact HP","existing_phrase","If the flag is bent or broken off, it must be replaced — contact HP Support for repair options.","If the flag is bent or broken off, it must be replaced — <a href=""https://www.hp.com/contacthp/"" target=""_blank"" rel=""noopener"">contact HP</a> Support for repair options."
"https://libertyprinterfix.com/hp/error-codes-alerts/hp-deskjet-3755-flashing-lights-meaning","L10","https://www.hp.com/us-en/tech-takes/printers/troubleshooting/printer-troubleshooting-common-problems-quick-fixes.html","test page","existing_phrase","If you're not sure what's wrong, print a diagnostic test page directly from the printer without a computer:","If you're not sure what's wrong, print a diagnostic <a href=""https://www.hp.com/us-en/tech-takes/printers/troubleshooting/printer-troubleshooting-common-problems-quick-fixes.html"" target=""_blank"" rel=""noopener"">test page</a> directly from the printer without a computer:"
"https://libertyprinterfix.com/hp/error-codes-alerts/hp-deskjet-3755-flashing-lights-meaning","L12","https://www.hp.com/hp-app","HP Smart app","existing_phrase","The HP Smart app will tell you exactly which cartridge is low, missing, or incorrect.","The <a href=""https://www.hp.com/hp-app"" target=""_blank"" rel=""noopener"">HP Smart app</a> will tell you exactly which cartridge is low, missing, or incorrect."
"https://libertyprinterfix.com/hp/error-codes-alerts/hp-deskjet-3755-flashing-lights-meaning","L16","https://www.hp.com/contacthp/","HP Support","existing_phrase","If you performed the forced reset and the all-lights-blinking pattern persists on every startup, the printer's firmware is corrupted and may require a factory firmware re-flash, which HP Support can guide you through remotely.","If you performed the forced reset and the all-lights-blinking pattern persists on every startup, the printer's firmware is corrupted and may require a factory firmware re-flash, which <a href=""https://www.hp.com/contacthp/"" target=""_blank"" rel=""noopener"">HP Support</a> can guide you through remotely."
"https://libertyprinterfix.com/hp/setup-installation/hp-deskjet-3755-wifi-setup-without-app","L12","https://www.hp.com/hp-app","HP Smart app","existing_phrase","This is functionally identical to what the HP Smart app does behind the scenes when it walks you through.","This is functionally identical to what the <a href=""https://www.hp.com/hp-app"" target=""_blank"" rel=""noopener"">HP Smart app</a> does behind the scenes when it walks you through."
"https://libertyprinterfix.com/hp/setup-installation/hp-deskjet-3755-wifi-setup-without-app","L16","https://www.hp.com/contacthp/","Contact HP","existing_phrase","Contact HP support with your printer's serial number; a genuine Wi-Fi radio fault in the unit becomes the more likely explanation, and it's worth checking current warranty status before pursuing paid repair.","<a href=""https://www.hp.com/contacthp/"" target=""_blank"" rel=""noopener"">Contact HP</a> support with your printer's serial number; a genuine Wi-Fi radio fault in the unit becomes the more likely explanation, and it's worth checking current warranty status before pursuing paid repair."
"https://libertyprinterfix.com/hp/setup-installation/hp-deskjet-4155e-wifi-setup-guide","L12","https://www.hp.com/hp-app","HP Smart","existing_phrase","On your phone or computer, open the HP Smart app, tap Add Printer, then Setup a New PrinterOpen your device's Wi-Fi settings and connect to the network named.","On your phone or computer, open the <a href=""https://www.hp.com/hp-app"" target=""_blank"" rel=""noopener"">HP Smart</a> app, tap Add Printer, then Setup a New PrinterOpen your device's Wi-Fi settings and connect to the network named."
"https://libertyprinterfix.com/hp/setup-installation/hp-deskjet-4155e-wifi-setup-guide","L16","https://www.hp.com/contacthp/","contact HP","existing_phrase","If you've completed setup correctly, confirmed 2.4GHzand accounted for any mesh system complexity, and reset DNS settings to automatic or a reliable public server — and the printer still can't reach the internet despite showing a solid Wi-Fi connection — contact HP support with your.","If you've completed setup correctly, confirmed 2.4GHzand accounted for any mesh system complexity, and reset DNS settings to automatic or a reliable public server — and the printer still can't reach the internet despite showing a solid Wi-Fi connection — <a href=""https://www.hp.com/contacthp/"" target=""_blank"" rel=""noopener"">contact HP</a> support with your."
"https://libertyprinterfix.com/hp/connectivity-issues/hp-deskjet-4155e-wont-connect-wifi","L12","https://www.hp.com/hp-app","HP Smart app","existing_phrase","Open the HP Smart app on your phone or PC.","Open the <a href=""https://www.hp.com/hp-app"" target=""_blank"" rel=""noopener"">HP Smart app</a> on your phone or PC."
"https://libertyprinterfix.com/hp/connectivity-issues/hp-deskjet-4155e-wont-connect-wifi","L16","https://www.hp.com/contacthp/","Contact HP","existing_phrase","Contact HP Support at support.","<a href=""https://www.hp.com/contacthp/"" target=""_blank"" rel=""noopener"">Contact HP</a> Support at support."
"https://libertyprinterfix.com/hp/print-quality-issues/hp-envy-4520-print-quality-lines","L10","https://www.hp.com/us-en/tech-takes/printers/troubleshooting/printer-troubleshooting-common-problems-quick-fixes.html","cleaning cycle","existing_phrase","Run an alignment after any cleaning cycle, not before.","Run an alignment after any <a href=""https://www.hp.com/us-en/tech-takes/printers/troubleshooting/printer-troubleshooting-common-problems-quick-fixes.html"" target=""_blank"" rel=""noopener"">cleaning cycle</a>, not before."
"https://libertyprinterfix.com/hp/print-quality-issues/hp-envy-4520-print-quality-lines","L12","https://www.hp.com/hp-app","HP Smart app","existing_phrase","From the printer's control panel or the HP Smart app, find the printer maintenance or toolbox menu and run Clean Printheads (sometimes called a cartridge or nozzle cleaning cycle).","From the printer's control panel or the <a href=""https://www.hp.com/hp-app"" target=""_blank"" rel=""noopener"">HP Smart app</a>, find the printer maintenance or toolbox menu and run Clean Printheads (sometimes called a cartridge or nozzle cleaning cycle)."
"https://libertyprinterfix.com/hp/connectivity-issues/hp-envy-5055-offline-but-connected","L2","https://support.hp.com/us-en/document/ish_2026537-1681507-16","Printer Offline","existing_phrase","Uncheck ""Use Printer Offline"" in the print queue — Windows sets this itself more than people expect.","Uncheck ""Use <a href=""https://support.hp.com/us-en/document/ish_2026537-1681507-16"" target=""_blank"" rel=""noopener"">Printer Offline</a>"" in the print queue — Windows sets this itself more than people expect."
"https://libertyprinterfix.com/hp/connectivity-issues/hp-envy-5055-offline-but-connected","L12","https://www.hp.com/hp-app","HP Smart app","existing_phrase","Switch it: click Add Port, choose Standard TCP/IP Port, and follow the wizard to add the printer using its current IP address (find this on the printer's own network settings menu, or through the HP Smart app).","Switch it: click Add Port, choose Standard TCP/IP Port, and follow the wizard to add the printer using its current IP address (find this on the printer's own network settings menu, or through the <a href=""https://www.hp.com/hp-app"" target=""_blank"" rel=""noopener"">HP Smart app</a>)."
"https://libertyprinterfix.com/hp/connectivity-issues/hp-envy-5055-offline-but-connected","L16","https://www.hp.com/contacthp/","Contact HP","existing_phrase","Contact HP support with your printer's serial number; a failing Wi-Fi module inside the printer becomes the more likely explanation at that point, and it's a standard warranty conversation.","<a href=""https://www.hp.com/contacthp/"" target=""_blank"" rel=""noopener"">Contact HP</a> support with your printer's serial number; a failing Wi-Fi module inside the printer becomes the more likely explanation at that point, and it's a standard warranty conversation."
"https://libertyprinterfix.com/hp/error-codes-alerts/hp-envy-6055e-blinking-purple-light","L12","https://www.hp.com/hp-app","HP Smart app","existing_phrase","Check the HP Smart app for details.","Check the <a href=""https://www.hp.com/hp-app"" target=""_blank"" rel=""noopener"">HP Smart app</a> for details."
"https://libertyprinterfix.com/hp/error-codes-alerts/hp-envy-6055e-blinking-purple-light","L16","https://www.hp.com/contacthp/","warranty","existing_phrase","HP offers an extended warranty and free months of HP Instant Ink.","HP offers an extended <a href=""https://www.hp.com/contacthp/"" target=""_blank"" rel=""noopener"">warranty</a> and free months of HP Instant Ink."
"https://libertyprinterfix.com/hp/paper-handling-issues/hp-envy-6055e-paper-jam-no-paper","L12","https://www.hp.com/hp-app","HP Smart","existing_phrase","Open HP Smart.","Open <a href=""https://www.hp.com/hp-app"" target=""_blank"" rel=""noopener"">HP Smart</a>."
"https://libertyprinterfix.com/hp/paper-handling-issues/hp-envy-6055e-paper-jam-no-paper","L4","https://support.hp.com/us-en/help/printer/paper-jam","jammed paper","existing_phrase","The jam sensors prevent the printer from grinding jammed paper.","The jam sensors prevent the printer from grinding j<a href=""https://support.hp.com/us-en/help/printer/paper-jam"" target=""_blank"" rel=""noopener"">ammed paper.</a>"
"https://libertyprinterfix.com/hp/paper-handling-issues/hp-envy-6055e-paper-jam-no-paper","L16","https://www.hp.com/contacthp/","Contact HP","existing_phrase","Contact HP Support if the flag is broken off.","<a href=""https://www.hp.com/contacthp/"" target=""_blank"" rel=""noopener"">Contact HP</a> Support if the flag is broken off."
"https://libertyprinterfix.com/hp/error-codes-alerts/hp-envy-6055e-printhead-error","L8","https://support.hp.com/us-en/document/ish_1740122-1449154-16","printhead error","existing_phrase","Of how tightly ink communication and printhead function are linked on this model, gets described as a ""printhead error"" even when the cartridge is the actual point of failure.","Of how tightly ink communication and printhead function are linked on this model, gets described as a ""<a href=""https://support.hp.com/us-en/document/ish_1740122-1449154-16"" target=""_blank"" rel=""noopener"">printhead error</a>"" even when the cartridge is the actual point of failure."
"https://libertyprinterfix.com/hp/error-codes-alerts/hp-envy-6055e-printhead-error","L10","https://www.hp.com/us-en/tech-takes/printers/troubleshooting/printer-troubleshooting-common-problems-quick-fixes.html","Clean the printhead","existing_phrase","Clean the printhead itself if cleaning contacts alone doesn't work.","<a href=""https://www.hp.com/us-en/tech-takes/printers/troubleshooting/printer-troubleshooting-common-problems-quick-fixes.html"" target=""_blank"" rel=""noopener"">Clean the printhead</a> itself if cleaning contacts alone doesn't work."
"https://libertyprinterfix.com/hp/error-codes-alerts/hp-envy-6055e-printhead-error","L15","https://www.hp.com/us-en/printers/instant-ink.html","Instant Ink","existing_phrase","Check your Instant Ink enrollment status — my uncommon tip, and a surprisingly common trigger for this exact error.","Check your <a href=""https://www.hp.com/us-en/printers/instant-ink.html"" target=""_blank"" rel=""noopener"">Instant Ink</a> enrollment status — my uncommon tip, and a surprisingly common trigger for this exact error."
"https://libertyprinterfix.com/hp/setup-installation/hp-envy-6455e-setup-problems","L12","https://www.hp.com/hp-app","HP Smart","existing_phrase","Here's the requirement that resolves more ""HP Smart can't find my printer"" complaints on this model than anything network-related.","Here's the requirement that resolves more ""<a href=""https://www.hp.com/hp-app"" target=""_blank"" rel=""noopener"">HP Smart</a> can't find my printer"" complaints on this model than anything network-related."
"https://libertyprinterfix.com/hp/setup-installation/hp-envy-6455e-setup-problems","L16","https://www.hp.com/contacthp/","contact HP","existing_phrase","Installed the Full Feature Software — and setup still won't complete — contact HP support directly with your printer's serial number and describe exactly which step it fails at, since HP's own documentation on this specific ""stuck on finalizing installation"" pattern indicates their support team has additional diagnostic steps beyond general troubleshooting.","Installed the Full Feature Software — and setup still won't complete — <a href=""https://www.hp.com/contacthp/"" target=""_blank"" rel=""noopener"">contact HP</a> support directly with your printer's serial number and describe exactly which step it fails at, since HP's own documentation on this specific ""stuck on finalizing installation"" pattern indicates their support team has additional diagnostic steps beyond general troubleshooting."
"https://libertyprinterfix.com/hp/printing-problems/hp-envy-7855-duplex-printing-not-working","L16","https://www.hp.com/contacthp/","Contact HP","existing_phrase","Contact HP support with your serial number.","<a href=""https://www.hp.com/contacthp/"" target=""_blank"" rel=""noopener"">Contact HP</a> support with your serial number."
"https://libertyprinterfix.com/hp/setup-installation/hp-envy-inspire-7255e-setup-stuck","L12","https://www.hp.com/hp-app","HP Smart","existing_phrase","Use the HP Smart app instead of fighting the printer's own screen.","Use the <a href=""https://www.hp.com/hp-app"" target=""_blank"" rel=""noopener"">HP Smart</a> app instead of fighting the printer's own screen."
"https://libertyprinterfix.com/hp/setup-installation/hp-envy-inspire-7255e-setup-stuck","L16","https://www.hp.com/contacthp/","HP support","existing_phrase","Setting up the printer, this is worth investigating directly with HP support — sometimes correcting the account region, sometimes creating a fresh account tied to your current location, resolves it depending on the specific mismatch involved.","Setting up the printer, this is worth investigating directly with <a href=""https://www.hp.com/contacthp/"" target=""_blank"" rel=""noopener"">HP support</a> — sometimes correcting the account region, sometimes creating a fresh account tied to your current location, resolves it depending on the specific mismatch involved."
"https://libertyprinterfix.com/hp/paper-handling-issues/hp-envy-photo-7855-paper-jam-error","L4","https://support.hp.com/us-en/help/printer/paper-jam","jammed paper","existing_phrase","Pull jammed paper slowly and evenly using both hands.","Pull <a href=""https://support.hp.com/us-en/help/printer/paper-jam"" target=""_blank"" rel=""noopener"">jammed paper</a> slowly and evenly using both hands."
"https://libertyprinterfix.com/hp/paper-handling-issues/hp-envy-photo-7855-paper-jam-error","L16","https://www.hp.com/contacthp/","Contact HP","existing_phrase","Contact HP Support — this requires service.","<a href=""https://www.hp.com/contacthp/"" target=""_blank"" rel=""noopener"">Contact HP</a> Support — this requires service."
"https://libertyprinterfix.com/hp/error-codes-alerts/hp-laserjet-50-2-fuser-error-fix","L16","https://www.hp.com/contacthp/","HP Customer Support - Contact Us","added_sentence","","For HP's official steps, see <a href=""https://www.hp.com/contacthp/"" target=""_blank"" rel=""noopener"">HP Customer Support - Contact Us</a>."
"https://libertyprinterfix.com/hp/connectivity-issues/hp-laserjet-m111w-offline-fix","L2","https://support.hp.com/us-en/document/ish_2026537-1681507-16","Printer Offline","existing_phrase","Uncheck ""Use Printer Offline"" in the print queue — Windows sets this by itself more than people realize.","Uncheck ""Use <a href=""https://support.hp.com/us-en/document/ish_2026537-1681507-16"" target=""_blank"" rel=""noopener"">Printer Offline</a>"" in the print queue — Windows sets this by itself more than people realize."
"https://libertyprinterfix.com/hp/connectivity-issues/hp-laserjet-m111w-offline-fix","L10","https://www.hp.com/us-en/tech-takes/printers/troubleshooting/printer-troubleshooting-common-problems-quick-fixes.html","test page","existing_phrase","Try printing a simple test ef=""/kodak/printing-problems/kodak-printer-alignment-failed"" title=""Fix Kodak Printer Calibration or Alignment Failed Error"">test page.","Try printing a simple test ef=""/kodak/printing-problems/kodak-printer-alignment-failed"" title=""Fix Kodak Printer Calibration or Alignment Failed Error""><a href=""https://www.hp.com/us-en/tech-takes/printers/troubleshooting/printer-troubleshooting-common-problems-quick-fixes.html"" target=""_blank"" rel=""noopener"">test page</a>."
"https://libertyprinterfix.com/hp/connectivity-issues/hp-laserjet-m111w-offline-fix","L16","https://www.hp.com/contacthp/","Contact HP","existing_phrase","Contact HP support with your printer's serial number; a failing network or USB controller inside the printer becomes the more likely explanation.","<a href=""https://www.hp.com/contacthp/"" target=""_blank"" rel=""noopener"">Contact HP</a> support with your printer's serial number; a failing network or USB controller inside the printer becomes the more likely explanation."
"https://libertyprinterfix.com/hp/setup-installation/hp-laserjet-m1136-driver-windows-11","L16","https://www.hp.com/contacthp/","HP support","existing_phrase","If that doesn't help, this specific printer-and-OS combination may have a genuine compatibility limitation worth confirming directly with HP support, since official support windows for older printer models do eventually narrow over time even when a driver technically still exists.","If that doesn't help, this specific printer-and-OS combination may have a genuine compatibility limitation worth confirming directly with <a href=""https://www.hp.com/contacthp/"" target=""_blank"" rel=""noopener"">HP support</a>, since official support windows for older printer models do eventually narrow over time even when a driver technically still exists."
"https://libertyprinterfix.com/hp/connectivity-issues/hp-laserjet-m209dwe-keeps-going-offline","L2","https://support.hp.com/us-en/document/ish_2026537-1681507-16","Printer Offline","existing_phrase","Uncheck Use Printer Offline if it is checked.","Uncheck Use <a href=""https://support.hp.com/us-en/document/ish_2026537-1681507-16"" target=""_blank"" rel=""noopener"">Printer Offline</a> if it is checked."
"https://libertyprinterfix.com/hp/connectivity-issues/hp-laserjet-m209dwe-keeps-going-offline","L10","https://www.hp.com/us-en/tech-takes/printers/troubleshooting/printer-troubleshooting-common-problems-quick-fixes.html","test page","existing_phrase","After the service restarts, try printing a test page.","After the service restarts, try printing a <a href=""https://www.hp.com/us-en/tech-takes/printers/troubleshooting/printer-troubleshooting-common-problems-quick-fixes.html"" target=""_blank"" rel=""noopener"">test page</a>."
"https://libertyprinterfix.com/hp/connectivity-issues/hp-laserjet-m209dwe-keeps-going-offline","L12","https://www.hp.com/hp-app","HP Smart","existing_phrase","Open HP Smart.","Open <a href=""https://www.hp.com/hp-app"" target=""_blank"" rel=""noopener"">HP Smart</a>."
"https://libertyprinterfix.com/hp/connectivity-issues/hp-laserjet-m428fdw-scan-to-email-not-working","L12","https://www.hp.com/hp-app","HP Smart app","existing_phrase","If your authentication settings appear correct and current but scan to email still fails, check for and install the latest firmware (internal software) (internal software) for the M428fdw through the printer's Embedded Web Server or the HP Smart app.","If your authentication settings appear correct and current but scan to email still fails, check for and install the latest firmware (internal software) (internal software) for the M428fdw through the printer's Embedded Web Server or the <a href=""https://www.hp.com/hp-app"" target=""_blank"" rel=""noopener"">HP Smart app</a>."
"https://libertyprinterfix.com/hp/error-codes-alerts/hp-laserjet-p4015-error-49-4c02","L16","https://www.hp.com/contacthp/","HP Customer Support - Contact Us","added_sentence","","HP documents this in <a href=""https://www.hp.com/contacthp/"" target=""_blank"" rel=""noopener"">HP Customer Support - Contact Us</a>."
"https://libertyprinterfix.com/hp/error-codes-alerts/hp-laserjet-pro-m15w-fuser-error","L16","https://www.hp.com/contacthp/","Contact HP","existing_phrase","Contact HP support with your printer's serial number; check whether it's still under warranty first.","<a href=""https://www.hp.com/contacthp/"" target=""_blank"" rel=""noopener"">Contact HP</a> support with your printer's serial number; check whether it's still under warranty first."
"https://libertyprinterfix.com/hp/error-codes-alerts/hp-laserjet-pro-m404dn-fuser-error","L16","https://www.hp.com/contacthp/","warranty","existing_phrase","Will HP replace the fuser under warranty?","Will HP replace the fuser under <a href=""https://www.hp.com/contacthp/"" target=""_blank"" rel=""noopener"">warranty</a>?"
"https://libertyprinterfix.com/hp/setup-installation/hp-laserjet-tank-mfp-setup-problems-solved","L12","https://www.hp.com/hp-app","HP Smart","existing_phrase","Use the HP Smart app for initial wireless setup, not the control panel alone.","Use the <a href=""https://www.hp.com/hp-app"" target=""_blank"" rel=""noopener"">HP Smart</a> app for initial wireless setup, not the control panel alone."
"https://libertyprinterfix.com/hp/setup-installation/hp-laserjet-tank-mfp-setup-problems-solved","L16","https://www.hp.com/contacthp/","contact HP","existing_phrase","A supported, matching network, or if the printer arrives with a toner or imaging drumwarninglight active straight out of the box before any use at all, contact HP support directly with your printer's serial number — this points toward either a genuine setup obstacle beyond normal troubleshooting or a unit that may have shipped with a hardware issue, both of.","A supported, matching network, or if the printer arrives with a toner or imaging drumwarninglight active straight out of the box before any use at all, <a href=""https://www.hp.com/contacthp/"" target=""_blank"" rel=""noopener"">contact HP</a> support directly with your printer's serial number — this points toward either a genuine setup obstacle beyond normal troubleshooting or a unit that may have shipped with a hardware issue, both of."
"https://libertyprinterfix.com/hp/ink-toner-issues/hp-neverstop-laser-refill-not-printing","L12","https://www.hp.com/hp-app","HP Smart app","existing_phrase","Clean insertion, check for and install the latest firmware (internal software) through the printer's own menu or the HP Smart app.","Clean insertion, check for and install the latest firmware (internal software) through the printer's own menu or the <a href=""https://www.hp.com/hp-app"" target=""_blank"" rel=""noopener"">HP Smart app</a>."
"https://libertyprinterfix.com/hp/ink-toner-issues/hp-neverstop-laser-refill-not-printing","L16","https://www.hp.com/contacthp/","Contact HP","existing_phrase","Contact HP support with your printer's serial number.","<a href=""https://www.hp.com/contacthp/"" target=""_blank"" rel=""noopener"">Contact HP</a> support with your printer's serial number."
"https://libertyprinterfix.com/hp/error-codes-alerts/hp-neverstop-printer-error-light-decoded","L16","https://www.hp.com/contacthp/","contact HP","existing_phrase","If the power/ready light blinks indefinitely with the printer idle, not actively printing, and not physically warm, contact HP support with your printer's serial number and describe this specific pattern, since it points toward an internal fault beyond what any light-based troubleshooting can resolve from the outside.","If the power/ready light blinks indefinitely with the printer idle, not actively printing, and not physically warm, <a href=""https://www.hp.com/contacthp/"" target=""_blank"" rel=""noopener"">contact HP</a> support with your printer's serial number and describe this specific pattern, since it points toward an internal fault beyond what any light-based troubleshooting can resolve from the outside."
"https://libertyprinterfix.com/hp/ink-toner-issues/hp-neverstop-toner-not-filling-correctly","L16","https://www.hp.com/contacthp/","Contact HP","existing_phrase","Contact HP support with your printer's serial number and describe specifically that you reached a clear final click during the turning motion, since that detail rules out the most common cause and points their diagnosis toward genuine hardware.","<a href=""https://www.hp.com/contacthp/"" target=""_blank"" rel=""noopener"">Contact HP</a> support with your printer's serial number and describe specifically that you reached a clear final click during the turning motion, since that detail rules out the most common cause and points their diagnosis toward genuine hardware."
"https://libertyprinterfix.com/hp/hardware-maintenance/hp-officejet-200-mobile-printer-not-charging","L16","https://www.hp.com/contacthp/","warranty","existing_phrase","Why this works: distinguishing between these light patterns tells you whether you're dealing with a genuine hardware problem worth pursuing warranty or replacement options, versus a charging source issue you can solve immediately by switching to the AC adapter or a properly-rated USB charger.","Why this works: distinguishing between these light patterns tells you whether you're dealing with a genuine hardware problem worth pursuing <a href=""https://www.hp.com/contacthp/"" target=""_blank"" rel=""noopener"">warranty</a> or replacement options, versus a charging source issue you can solve immediately by switching to the AC adapter or a properly-rated USB charger."
"https://libertyprinterfix.com/hp/paper-handling-issues/hp-officejet-3830-carriage-jam-fix","L16","https://www.hp.com/contacthp/","Contact HP","existing_phrase","Contact HP support with your printer's serial number;","<a href=""https://www.hp.com/contacthp/"" target=""_blank"" rel=""noopener"">Contact HP</a> support with your printer's serial number;"
"https://libertyprinterfix.com/hp/scanning-issues/hp-officejet-4650-scanner-not-working-mac","L10","https://www.hp.com/us-en/tech-takes/printers/troubleshooting/printer-troubleshooting-common-problems-quick-fixes.html","test page","existing_phrase","Try printing a simple test page first, before assuming the entire printer connection is broken.","Try printing a simple <a href=""https://www.hp.com/us-en/tech-takes/printers/troubleshooting/printer-troubleshooting-common-problems-quick-fixes.html"" target=""_blank"" rel=""noopener"">test page</a> first, before assuming the entire printer connection is broken."
"https://libertyprinterfix.com/hp/scanning-issues/hp-officejet-4650-scanner-not-working-mac","L16","https://www.hp.com/contacthp/","Contact HP","existing_phrase","Contact HP support with your printer's serial number.","<a href=""https://www.hp.com/contacthp/"" target=""_blank"" rel=""noopener"">Contact HP</a> support with your printer's serial number."
"https://libertyprinterfix.com/hp/setup-installation/hp-officejet-6500-wireless-setup-windows-11","L10","https://www.hp.com/us-en/tech-takes/printers/troubleshooting/printer-troubleshooting-common-problems-quick-fixes.html","test page","existing_phrase","Print a test page to make sure basic printing works.","Print a <a href=""https://www.hp.com/us-en/tech-takes/printers/troubleshooting/printer-troubleshooting-common-problems-quick-fixes.html"" target=""_blank"" rel=""noopener"">test page</a> to make sure basic printing works."
"https://libertyprinterfix.com/hp/setup-installation/hp-officejet-6500-wireless-setup-windows-11","L12","https://www.hp.com/hp-app","HP app","existing_phrase","You might not be able to scan through the HP app.","You might not be able to scan through the <a href=""https://www.hp.com/hp-app"" target=""_blank"" rel=""noopener"">HP app</a>."
"https://libertyprinterfix.com/hp/setup-installation/hp-officejet-6500-wireless-setup-windows-11","L16","https://www.hp.com/contacthp/","HP support","existing_phrase","Call HP support if it still fails.","Call <a href=""https://www.hp.com/contacthp/"" target=""_blank"" rel=""noopener"">HP support</a> if it still fails."
"https://libertyprinterfix.com/hp/printing-problems/hp-officejet-pro-6978-not-printing-black","L10","https://www.hp.com/us-en/tech-takes/printers/troubleshooting/printer-troubleshooting-common-problems-quick-fixes.html","Clean the printhead","existing_phrase","Clean the printhead contacts by hand if the built-in cleaning cycle can't get through.","<a href=""https://www.hp.com/us-en/tech-takes/printers/troubleshooting/printer-troubleshooting-common-problems-quick-fixes.html"" target=""_blank"" rel=""noopener"">Clean the printhead</a> contacts by hand if the built-in cleaning cycle can't get through."
"https://libertyprinterfix.com/hp/printing-problems/hp-officejet-pro-6978-not-printing-black","L12","https://www.hp.com/hp-app","HP Smart app","existing_phrase","From the printer's control panel or the HP Smart app, find the printer maintenance menu and run Clean Printhead (sometimes listed as a cartridge or nozzle cleaning cycle).","From the printer's control panel or the <a href=""https://www.hp.com/hp-app"" target=""_blank"" rel=""noopener"">HP Smart app</a>, find the printer maintenance menu and run Clean Printhead (sometimes listed as a cartridge or nozzle cleaning cycle)."
"https://libertyprinterfix.com/hp/printing-problems/hp-officejet-pro-6978-not-printing-black","L16","https://www.hp.com/contacthp/","warranty","existing_phrase","If the printer is still under warranty, contact HP support first, since printhead failure is a documented and covered issue on this line.","If the printer is still under <a href=""https://www.hp.com/contacthp/"" target=""_blank"" rel=""noopener"">warranty</a>, contact HP support first, since printhead failure is a documented and covered issue on this line."
"https://libertyprinterfix.com/hp/print-quality-issues/hp-officejet-pro-6978-wont-print-black","L10","https://www.hp.com/us-en/tech-takes/printers/troubleshooting/printer-troubleshooting-common-problems-quick-fixes.html","test page","existing_phrase","After cleaning completes, print a test page.","After cleaning completes, print a <a href=""https://www.hp.com/us-en/tech-takes/printers/troubleshooting/printer-troubleshooting-common-problems-quick-fixes.html"" target=""_blank"" rel=""noopener"">test page</a>."
"https://libertyprinterfix.com/hp/print-quality-issues/hp-officejet-pro-6978-wont-print-black","L9","https://support.hp.com/us-en/document/c05029966","streaks","existing_phrase","If you see white streaks through the black section of the pattern, those specific nozzles are clogged.","If you see white s<a href=""https://support.hp.com/us-en/document/c05029966"" target=""_blank"" rel=""noopener"">treaks </a>through the black section of the pattern, those specific nozzles are clogged."
"https://libertyprinterfix.com/hp/print-quality-issues/hp-officejet-pro-6978-wont-print-black","L16","https://www.hp.com/contacthp/","Contact HP","existing_phrase","Contact HP Support at support.","<a href=""https://www.hp.com/contacthp/"" target=""_blank"" rel=""noopener"">Contact HP</a> Support at support."
"https://libertyprinterfix.com/hp/print-quality-issues/hp-officejet-pro-8025e-not-printing-color","L10","https://www.hp.com/us-en/tech-takes/printers/troubleshooting/printer-troubleshooting-common-problems-quick-fixes.html","cleaning cycle","existing_phrase","The cleaning cycle takes about 2 minutes.","The <a href=""https://www.hp.com/us-en/tech-takes/printers/troubleshooting/printer-troubleshooting-common-problems-quick-fixes.html"" target=""_blank"" rel=""noopener"">cleaning cycle</a> takes about 2 minutes."
"https://libertyprinterfix.com/hp/print-quality-issues/hp-officejet-pro-8025e-not-printing-color","L9","https://support.hp.com/us-en/document/c05029966","Print Quality","existing_phrase","Touchscreen: Setup > Reports > Print Quality Diagnostics.","Touchscreen: Setup > Reports > <a href=""https://support.hp.com/us-en/document/c05029966"" target=""_blank"" rel=""noopener"">Print Quality</a> Diagnostics."
"https://libertyprinterfix.com/hp/print-quality-issues/hp-officejet-pro-8025e-not-printing-color","L12","https://www.hp.com/hp-app","HP Smart app","existing_phrase","From the HP Smart app or printer touchscreen, navigate to Tools > Clean Printhead.","From the <a href=""https://www.hp.com/hp-app"" target=""_blank"" rel=""noopener"">HP Smart app</a> or printer touchscreen, navigate to Tools > Clean Printhead."
"https://libertyprinterfix.com/hp/connectivity-issues/hp-officejet-pro-8025e-wifi-keeps-dropping","L12","https://www.hp.com/hp-app","HP Smart app","existing_phrase","Or the HP Smart app) and separately on your router (through the router manufacturer's app or web interface).","Or the HP S<a href=""https://www.hp.com/hp-app"" target=""_blank"" rel=""noopener"">mart app) an</a>d separately on your router (through the router manufacturer's app or web interface)."
"https://libertyprinterfix.com/hp/connectivity-issues/hp-officejet-pro-8025e-wifi-keeps-dropping","L16","https://www.hp.com/contacthp/","Contact HP","existing_phrase","Contact HP support with your model and serial number; wireless module faults are a standard warranty repair category.","<a href=""https://www.hp.com/contacthp/"" target=""_blank"" rel=""noopener"">Contact HP</a> support with your model and serial number; wireless module faults are a standard warranty repair category."
"https://libertyprinterfix.com/hp/error-codes-alerts/hp-officejet-pro-9015e-error-0x610000f6","L8","https://support.hp.com/us-en/document/ish_1740122-1449154-16","0x610000f6","existing_phrase","That strip is how the printer's brain tracks exactly where the carriage is at every instant.Error 0x610000f6 fires whenever the printer's internal system loses confidence in.","That strip is how the printer's brain tracks exactly where the carriage is at every instant.Error <a href=""https://support.hp.com/us-en/document/ish_1740122-1449154-16"" target=""_blank"" rel=""noopener"">0x610000f6</a> fires whenever the printer's internal system loses confidence in."
"https://libertyprinterfix.com/hp/error-codes-alerts/hp-officejet-pro-9015e-error-0x610000f6","L16","https://www.hp.com/contacthp/","Contact HP","existing_phrase",", drive belt, or a genuine sensor fault is the more likely remaining cause.Contact HP support with your printer's serial number; the 9015e carries HP's standard warranty coverage.",", drive belt, or a genuine sensor fault is the more likely remaining cause.<a href=""https://www.hp.com/contacthp/"" target=""_blank"" rel=""noopener"">Contact HP</a> support with your printer's serial number; the 9015e carries HP's standard warranty coverage."
"https://libertyprinterfix.com/hp/error-codes-alerts/hp-officejet-pro-9015e-printhead-missing-failed","L12","https://www.hp.com/hp-app","HP Smart app","existing_phrase","HP Support can run a remote diagnostic via the HP Smart app to confirm the failure location before you spend money on parts.","HP Support can run a remote diagnostic via the <a href=""https://www.hp.com/hp-app"" target=""_blank"" rel=""noopener"">HP Smart app</a> to confirm the failure location before you spend money on parts."
"https://libertyprinterfix.com/hp/error-codes-alerts/hp-officejet-pro-9015e-printhead-missing-failed","L16","https://www.hp.com/contacthp/","contact HP","existing_phrase","If corrosion is heavy and covers multiple pins, the carriage assembly needs professional service — contact HP Support.","If corrosion is heavy and covers multiple pins, the carriage assembly needs professional service — <a href=""https://www.hp.com/contacthp/"" target=""_blank"" rel=""noopener"">contact HP</a> Support."
"https://libertyprinterfix.com/hp/error-codes-alerts/hp-officejet-pro-9130e-error-fix","L12","https://www.hp.com/hp-app","HP Smart","existing_phrase","Check for and install the latest available firmware (internal software)through the printer's control panel menu or the HP Smart.","Check for and install the latest available firmware (internal software)through the printer's control panel menu or the <a href=""https://www.hp.com/hp-app"" target=""_blank"" rel=""noopener"">HP Smart</a>."
"https://libertyprinterfix.com/hp/error-codes-alerts/hp-officejet-pro-9130e-error-fix","L16","https://www.hp.com/contacthp/","HP support","existing_phrase","For your own understanding and for anything you eventually report to HP support.","For your own understanding and for anything you eventually report to <a href=""https://www.hp.com/contacthp/"" target=""_blank"" rel=""noopener"">HP support</a>."
"https://libertyprinterfix.com/hp/error-codes-alerts/hp-officejet-pro-x-series-printhead-error-fix","L8","https://support.hp.com/us-en/document/ish_1740122-1449154-16","Printhead Error","existing_phrase","Clear Error Flags: If the cycle completes smoothly, select Reset Printhead Error Flag and reboot.","Clear Error Flags: If the cycle completes smoothly, select Reset <a href=""https://support.hp.com/us-en/document/ish_1740122-1449154-16"" target=""_blank"" rel=""noopener"">Printhead Error</a> Flag and reboot."
"https://libertyprinterfix.com/hp/print-quality-issues/hp-pagewide-banding-fix","L9","https://support.hp.com/us-en/document/c05029966","Print Quality","existing_phrase","Access the Support Menu: On the front panel, tap Setup > Reports > Print Quality Report.","Access the Support Menu: On the front panel, tap Setup > Reports > <a href=""https://support.hp.com/us-en/document/c05029966"" target=""_blank"" rel=""noopener"">Print Quality</a> Report."
"https://libertyprinterfix.com/hp/print-quality-issues/hp-pagewide-banding-fix","L10","https://www.hp.com/us-en/tech-takes/printers/troubleshooting/printer-troubleshooting-common-problems-quick-fixes.html","cleaning cycle","existing_phrase","PageWide printers feature a multi-stage cleaning cycle that purges ink through the service station:","PageWide printers feature a multi-stage <a href=""https://www.hp.com/us-en/tech-takes/printers/troubleshooting/printer-troubleshooting-common-problems-quick-fixes.html"" target=""_blank"" rel=""noopener"">cleaning cycle</a> that purges ink through the service station:"
"https://libertyprinterfix.com/hp/setup-installation/hp-photosmart-c4780-driver-windows-10","L16","https://www.hp.com/contacthp/","HP support","existing_phrase","Official HP support ended well before there was any reason to build a driver for that operating system.","Official <a href=""https://www.hp.com/contacthp/"" target=""_blank"" rel=""noopener"">HP support</a> ended well before there was any reason to build a driver for that operating system."
"https://libertyprinterfix.com/hp/printing-problems/hp-photosmart-c4780-troubleshooting","L10","https://www.hp.com/us-en/tech-takes/printers/troubleshooting/printer-troubleshooting-common-problems-quick-fixes.html","HP Printer Troubleshooting: Common Problems and Quick Fixes","added_sentence","","HP's own guide to <a href=""https://www.hp.com/us-en/tech-takes/printers/troubleshooting/printer-troubleshooting-common-problems-quick-fixes.html"" target=""_blank"" rel=""noopener"">HP Printer Troubleshooting: Common Problems and Quick Fixes</a> covers the same checks."
"https://libertyprinterfix.com/hp/setup-installation/hp-plus-printer-stuck-on-setup-screen","L12","https://www.hp.com/hp-app","HP Smart app","existing_phrase","Switch to the HP Smart app to complete setup instead of fighting the on-screen wizard.","Switch to the <a href=""https://www.hp.com/hp-app"" target=""_blank"" rel=""noopener"">HP Smart app</a> to complete setup instead of fighting the on-screen wizard."
"https://libertyprinterfix.com/hp/setup-installation/hp-plus-printer-stuck-on-setup-screen","L16","https://www.hp.com/contacthp/","contact HP","existing_phrase","If a genuinely clean internet connection, the HP Smart app, the 2.4GHz band, a full restart, and a VPN/DNS check all fail to move the setup screen forward, contact HP support directly — this can indicate a problem on HP's activation servers themselves, a defective Wi-Fi radio in the unit, or an account-side registration conflict none of these fixes can resolve from your end.","If a genuinely clean internet connection, the HP Smart app, the 2.4GHz band, a full restart, and a VPN/DNS check all fail to move the setup screen forward, <a href=""https://www.hp.com/contacthp/"" target=""_blank"" rel=""noopener"">contact HP</a> support directly — this can indicate a problem on HP's activation servers themselves, a defective Wi-Fi radio in the unit, or an account-side registration conflict none of these fixes can resolve from your end."
"https://libertyprinterfix.com/hp/ink-toner-issues/hp-plus-third-party-ink-blocked-after-update","L12","https://www.hp.com/hp-app","HP Smart app","existing_phrase","Confirm the timing genuinely lines up — check whether a firmware (internal software) update actually installed around when the problem started (usually visible in the printer's update history or the HP Smart app), rather than assuming based on rough timing alone.","Confirm the timing genuinely lines up — check whether a firmware (internal software) update actually installed around when the problem started (usually visible in the printer's update history or the <a href=""https://www.hp.com/hp-app"" target=""_blank"" rel=""noopener"">HP Smart app</a>), rather than assuming based on rough timing alone."
"https://libertyprinterfix.com/hp/ink-toner-issues/hp-plus-third-party-ink-blocked-after-update","L16","https://www.hp.com/contacthp/","Contact HP","existing_phrase","Contact HP support directly to ask, plainly, about your specific printer model's current cartridge policy.","<a href=""https://www.hp.com/contacthp/"" target=""_blank"" rel=""noopener"">Contact HP</a> support directly to ask, plainly, about your specific printer model's current cartridge policy."
"https://libertyprinterfix.com/hp/error-codes-alerts/hp-printer-13-20-paper-jam-error-fix","L4","https://support.hp.com/us-en/help/printer/paper-jam","paper jam","existing_phrase","Many 13.20 errors seem to get permanently worse after someone tries to clear what looked like a simple paper jam, and it's genuinely one of the more consequential mistakes you can make while clearing a paper path.","Many 13.20 errors seem to get permanently worse after someone tries to clear what looked like a simple <a href=""https://support.hp.com/us-en/help/printer/paper-jam"" target=""_blank"" rel=""noopener"">paper jam</a>, and it's genuinely one of the more consequential mistakes you can make while clearing a paper path."
"https://libertyprinterfix.com/hp/error-codes-alerts/hp-printer-13-20-paper-jam-error-fix","L16","https://www.hp.com/contacthp/","Contact HP","existing_phrase","Contact HP support with your printer's model and the exact error code, and mention specifically that the paper path was thoroughly checked.","<a href=""https://www.hp.com/contacthp/"" target=""_blank"" rel=""noopener"">Contact HP</a> support with your printer's model and the exact error code, and mention specifically that the paper path was thoroughly checked."
"https://libertyprinterfix.com/hp/connectivity-issues/hp-printer-802-1x-authentication-failed","L12","https://www.hp.com/hp-app","HP Smart","existing_phrase","Windows will install a USB driver automatically (or use HP Smart to detect it).","Windows will install a USB driver automatically (or use <a href=""https://www.hp.com/hp-app"" target=""_blank"" rel=""noopener"">HP Smart</a> to detect it)."
"https://libertyprinterfix.com/hp/connectivity-issues/hp-printer-802-1x-authentication-failed","L16","https://www.hp.com/contacthp/","HP support","existing_phrase","Does HP support all 802.","Does <a href=""https://www.hp.com/contacthp/"" target=""_blank"" rel=""noopener"">HP support</a> all 802."
"https://libertyprinterfix.com/hp/print-quality-issues/hp-printer-banding-horizontal-stripes","L12","https://www.hp.com/hp-app","HP Smart app","existing_phrase","From the HP Smart app or your printer's maintenance menu, print a nozzle check or print quality diagnostic page.","From the <a href=""https://www.hp.com/hp-app"" target=""_blank"" rel=""noopener"">HP Smart app</a> or your printer's maintenance menu, print a nozzle check or print quality diagnostic page."
"https://libertyprinterfix.com/hp/print-quality-issues/hp-printer-banding-horizontal-stripes","L9","https://support.hp.com/us-en/document/c05029966","banding","existing_phrase","The most common cause of banding by a wide margin — before you spend time on anything else.","The most common cause of <a href=""https://support.hp.com/us-en/document/c05029966"" target=""_blank"" rel=""noopener"">banding</a> by a wide margin — before you spend time on anything else."
"https://libertyprinterfix.com/hp/print-quality-issues/hp-printer-banding-horizontal-stripes","L10","https://www.hp.com/us-en/tech-takes/printers/troubleshooting/printer-troubleshooting-common-problems-quick-fixes.html","cleaning cycle","existing_phrase","Many HP printers offer more than one tier of cleaning cycle.","Many HP printers offer more than one tier of <a href=""https://www.hp.com/us-en/tech-takes/printers/troubleshooting/printer-troubleshooting-common-problems-quick-fixes.html"" target=""_blank"" rel=""noopener"">cleaning cycle</a>."
"https://libertyprinterfix.com/hp/error-codes-alerts/hp-printer-cartridge-sensor-failure-error","L16","https://www.hp.com/contacthp/","Contact HP","existing_phrase","Contact HP support with your printer's serial number and describe that you've tested with a different cartridge specifically.","<a href=""https://www.hp.com/contacthp/"" target=""_blank"" rel=""noopener"">Contact HP</a> support with your printer's serial number and describe that you've tested with a different cartridge specifically."
"https://libertyprinterfix.com/hp/connectivity-issues/hp-printer-certificate-error-network","L16","https://www.hp.com/contacthp/","HP Customer Support - Contact Us","added_sentence","","For HP's official steps, see <a href=""https://www.hp.com/contacthp/"" target=""_blank"" rel=""noopener"">HP Customer Support - Contact Us</a>."
"https://libertyprinterfix.com/hp/paper-handling-issues/hp-printer-double-feeding-adf","L16","https://www.hp.com/contacthp/","contact HP","existing_phrase","If replacing the pad doesn't resolve it, contact HP support with your printer's serial number, since a deeper feed mechanism issue may be involved.","If replacing the pad doesn't resolve it, <a href=""https://www.hp.com/contacthp/"" target=""_blank"" rel=""noopener"">contact HP</a> support with your printer's serial number, since a deeper feed mechanism issue may be involved."
"https://libertyprinterfix.com/hp/setup-installation/hp-printer-driver-missing-after-windows-update","L12","https://www.hp.com/hp-app","HP Smart app","existing_phrase","In the meantime, if you urgently need to print, connecting the printer to a different, currently-working computer, or printing via a phone through the HP Smart app, can serve as a temporary bridge while a permanent fix is sorted out.","In the meantime, if you urgently need to print, connecting the printer to a different, currently-working computer, or printing via a phone through the <a href=""https://www.hp.com/hp-app"" target=""_blank"" rel=""noopener"">HP Smart app</a>, can serve as a temporary bridge while a permanent fix is sorted out."
"https://libertyprinterfix.com/hp/setup-installation/hp-printer-driver-missing-after-windows-update","L16","https://www.hp.com/contacthp/","contact HP","existing_phrase","And rolling back isn't available or doesn't help — contact HP support directly.","And rolling back isn't available or doesn't help — <a href=""https://www.hp.com/contacthp/"" target=""_blank"" rel=""noopener"">contact HP</a> support directly."
"https://libertyprinterfix.com/hp/drivers-software-firmware/hp-printer-driver-not-installing","L12","https://www.hp.com/hp-app","HP Smart App","existing_phrase","HP Smart App Store Hang (0x80070005)","<a href=""https://www.hp.com/hp-app"" target=""_blank"" rel=""noopener"">HP Smart App</a> Store Hang (0x80070005)"
"https://libertyprinterfix.com/hp/drivers-software-firmware/hp-printer-driver-unavailable-windows-11","L16","https://www.hp.com/contacthp/","contact HP","existing_phrase","If you have exhausted all methods above and the driver still fails to install, contact HP Support at support.","If you have exhausted all methods above and the driver still fails to install, <a href=""https://www.hp.com/contacthp/"" target=""_blank"" rel=""noopener"">contact HP</a> Support at support."
"https://libertyprinterfix.com/hp/error-codes-alerts/hp-printer-error-0xc19a0003-problem-with-printhead","L8","https://support.hp.com/us-en/document/ish_1740122-1449154-16","0xc19a0003","existing_phrase","HP printer error 0xc19a0003 sounds like a dead printhead, but it's more often a communication or ink-flow issue with a fixable cause.","HP printer error <a href=""https://support.hp.com/us-en/document/ish_1740122-1449154-16"" target=""_blank"" rel=""noopener"">0xc19a0003</a> sounds like a dead printhead, but it's more often a communication or ink-flow issue with a fixable cause."
"https://libertyprinterfix.com/hp/error-codes-alerts/hp-printer-error-0xc19a0003-problem-with-printhead","L12","https://www.hp.com/hp-app","HP Smart app","existing_phrase","If the error persists after checking cartridges and vents, go to the printer's control panel or the HP Smart app, find Setup → Printer Maintenance.","If the error persists after checking cartridges and vents, go to the printer's control panel or the <a href=""https://www.hp.com/hp-app"" target=""_blank"" rel=""noopener"">HP Smart app</a>, find Setup → Printer Maintenance."
"https://libertyprinterfix.com/hp/error-codes-alerts/hp-printer-error-0xc19a0003-problem-with-printhead","L16","https://www.hp.com/contacthp/","Contact HP","existing_phrase","Contact HP support with your printer's serial number;","<a href=""https://www.hp.com/contacthp/"" target=""_blank"" rel=""noopener"">Contact HP</a> support with your printer's serial number;"
"https://libertyprinterfix.com/hp/error-codes-alerts/hp-printer-error-0xc4eb827f-ink-system-failure-fix","L8","https://support.hp.com/us-en/document/ish_1740122-1449154-16","0xC4EB827F","existing_phrase","0xC4EB827F points to an ink system failure — the printer's broad way of describing a breakdown somewhere in the chain between cartridge, printhead, and the internal communication linking them.","<a href=""https://support.hp.com/us-en/document/ish_1740122-1449154-16"" target=""_blank"" rel=""noopener"">0xC4EB827F</a> points to an ink system failure — the printer's broad way of describing a breakdown somewhere in the chain between cartridge, printhead, and the internal communication linking them."
"https://libertyprinterfix.com/hp/error-codes-alerts/hp-printer-error-0xc4eb827f-ink-system-failure-fix","L12","https://www.hp.com/hp-app","HP Smart app","existing_phrase","Access the printer's maintenance menu — either on the control panel or through the HP Smart app — find Clean Printhead, and run it.","Access the printer's maintenance menu — either on the control panel or through the <a href=""https://www.hp.com/hp-app"" target=""_blank"" rel=""noopener"">HP Smart app</a> — find Clean Printhead, and run it."
"https://libertyprinterfix.com/hp/error-codes-alerts/hp-printer-error-0xc4eb827f-ink-system-failure-fix","L16","https://www.hp.com/contacthp/","HP support","existing_phrase","In plain terms, this extra text is HP's own internal system telling you more precisely where in the ink or printhead communication chain the breakdown occurred, information that a repair technician or HP support agent can use to narrow the diagnosis considerably faster than working from the base error code alone.","In plain terms, this extra text is HP's own internal system telling you more precisely where in the ink or printhead communication chain the breakdown occurred, information that a repair technician or <a href=""https://www.hp.com/contacthp/"" target=""_blank"" rel=""noopener"">HP support</a> agent can use to narrow the diagnosis considerably faster than working from the base error code alone."
"https://libertyprinterfix.com/hp/error-codes-alerts/hp-printer-error-79-service-error-real-fix","L12","https://www.hp.com/hp-app","HP Smart app","existing_phrase","Install the latest firmware (internal software) for your printer through its Embedded Web Server or the HP Smart app.","Install the latest firmware (internal software) for your printer through its Embedded Web Server or the <a href=""https://www.hp.com/hp-app"" target=""_blank"" rel=""noopener"">HP Smart app</a>."
"https://libertyprinterfix.com/hp/error-codes-alerts/hp-printer-error-79-service-error-real-fix","L16","https://www.hp.com/contacthp/","Contact HP","existing_phrase","Updated firmware (internal software) — and Error 79 still recurs — HP's own documentation points toward a possible incompatible or failing memory DIMM (on models that support add-in memory) or a genuine formatter board fault.Contact HP support with your printer's serial number.","Updated firmware (internal software) — and Error 79 still recurs — HP's own documentation points toward a possible incompatible or failing memory DIMM (on models that support add-in memory) or a genuine formatter board fault.<a href=""https://www.hp.com/contacthp/"" target=""_blank"" rel=""noopener"">Contact HP</a> support with your printer's serial number."
"https://libertyprinterfix.com/hp/error-codes-alerts/hp-printer-error-codes","L12","https://www.hp.com/hp-app","HP Smart app","existing_phrase","For HP Smart app.","For <a href=""https://www.hp.com/hp-app"" target=""_blank"" rel=""noopener"">HP Smart app</a>."
"https://libertyprinterfix.com/hp/error-codes-alerts/hp-printer-error-messages","L17","https://www.hp.com/us-en/tech-takes/printers/troubleshooting/how-to-fix-common-hp-printer-problems.html","HP Error Messages","existing_phrase","⚡ Emergency 60-Second Recovery for Frozen HP Error Messages:","⚡ Emergency 60-Second Recovery for Frozen <a href=""https://www.hp.com/us-en/tech-takes/printers/troubleshooting/how-to-fix-common-hp-printer-problems.html"" target=""_blank"" rel=""noopener"">HP Error Messages</a>:"
"https://libertyprinterfix.com/hp/error-codes-alerts/hp-printer-error-messages","L12","https://www.hp.com/hp-app","HP Smart","existing_phrase","Windows / macOS / HP Smart","Windows / macOS / <a href=""https://www.hp.com/hp-app"" target=""_blank"" rel=""noopener"">HP Smart</a>"
"https://libertyprinterfix.com/hp/error-codes-alerts/hp-printer-error-messages","L15","https://www.hp.com/us-en/printers/instant-ink.html","Instant Ink","existing_phrase","HP+ cloud connectivity requirement failed or cancelled Instant Ink cartridge detected.","HP+ cloud connectivity requirement failed or cancelled <a href=""https://www.hp.com/us-en/printers/instant-ink.html"" target=""_blank"" rel=""noopener"">Instant Ink</a> cartridge detected."
"https://libertyprinterfix.com/hp/printing-problems/hp-printer-fax-error-no-dial-tone","L16","https://www.hp.com/contacthp/","contact HP","existing_phrase","Dial or complete a fax — contact HP support with your printer's serial number, since a failing fax modem inside the printer itself becomes the more likely remaining explanation.","Dial or complete a fax — <a href=""https://www.hp.com/contacthp/"" target=""_blank"" rel=""noopener"">contact HP</a> support with your printer's serial number, since a failing fax modem inside the printer itself becomes the more likely remaining explanation."
"https://libertyprinterfix.com/hp/setup-installation/hp-printer-fedora-setup-guide","L14","https://developers.hp.com/hp-linux-imaging-and-printing","HPLIP","existing_phrase","This bypasses HPLIP entirely and requires zero maintenance during Fedora OS version upgrades.","This bypasses <a href=""https://developers.hp.com/hp-linux-imaging-and-printing"" target=""_blank"" rel=""noopener"">HPLIP</a> entirely and requires zero maintenance during Fedora OS version upgrades."
"https://libertyprinterfix.com/hp/setup-installation/hp-printer-fedora-setup-guide","L10","https://www.hp.com/us-en/tech-takes/printers/troubleshooting/printer-troubleshooting-common-problems-quick-fixes.html","test page","existing_phrase","Print test page: Confirm the print test prompt to verify driver installation.","Print <a href=""https://www.hp.com/us-en/tech-takes/printers/troubleshooting/printer-troubleshooting-common-problems-quick-fixes.html"" target=""_blank"" rel=""noopener"">test page</a>: Confirm the print test prompt to verify driver installation."
"https://libertyprinterfix.com/hp/print-quality-issues/hp-printer-ghosting-duplicate-faint-image","L10","https://www.hp.com/us-en/tech-takes/printers/troubleshooting/printer-troubleshooting-common-problems-quick-fixes.html","test page","existing_phrase","HP printer ghosting a faint duplicate image comes down to a fault somewhere in a multi-stage laser printing process, and the fastest way to narrow down where is printing one solid-fill test page and one text-only page side by side.","HP printer ghosting a faint duplicate image comes down to a fault somewhere in a multi-stage laser printing process, and the fastest way to narrow down where is printing one solid-fill <a href=""https://www.hp.com/us-en/tech-takes/printers/troubleshooting/printer-troubleshooting-common-problems-quick-fixes.html"" target=""_blank"" rel=""noopener"">test page</a> and one text-only page side by side."
"https://libertyprinterfix.com/hp/print-quality-issues/hp-printer-ghosting-duplicate-faint-image","L16","https://www.hp.com/contacthp/","Contact HP","existing_phrase","Contact HP support or a repair technician with your printer's serial number, your test results (which page type showed more ghosting).","<a href=""https://www.hp.com/contacthp/"" target=""_blank"" rel=""noopener"">Contact HP</a> support or a repair technician with your printer's serial number, your test results (which page type showed more ghosting)."
"https://libertyprinterfix.com/hp/hardware-maintenance/hp-printer-grinding-noise-when-printing","L10","https://www.hp.com/us-en/tech-takes/printers/troubleshooting/printer-troubleshooting-common-problems-quick-fixes.html","test page","existing_phrase","If your printer offers multiple trays — a main tray and a separate legal or specialty tray, for instance — print a test page from each tray one at a time, listening carefully for whether the grinding noise happens on every tray or only a specific one.","If your printer offers multiple trays — a main tray and a separate legal or specialty tray, for instance — print a <a href=""https://www.hp.com/us-en/tech-takes/printers/troubleshooting/printer-troubleshooting-common-problems-quick-fixes.html"" target=""_blank"" rel=""noopener"">test page</a> from each tray one at a time, listening carefully for whether the grinding noise happens on every tray or only a specific one."
"https://libertyprinterfix.com/hp/hardware-maintenance/hp-printer-grinding-noise-when-printing","L16","https://www.hp.com/contacthp/","contact HP","existing_phrase","Jam-clearing haven't resolved it, or if the carriage genuinely won't move freely even after clearing visible obstructions, contact HP support with your printer's serial number and describe exactly what the tray test revealed — that detail alone gives their diagnostics a considerable head start.","Jam-clearing haven't resolved it, or if the carriage genuinely won't move freely even after clearing visible obstructions, <a href=""https://www.hp.com/contacthp/"" target=""_blank"" rel=""noopener"">contact HP</a> support with your printer's serial number and describe exactly what the tray test revealed — that detail alone gives their diagnostics a considerable head start."
"https://libertyprinterfix.com/hp/connectivity-issues/hp-printer-keeps-disconnecting-from-wifi","L2","https://support.hp.com/us-en/document/ish_2026537-1681507-16","shows offline","existing_phrase","The printer works perfectly all day, then shows offline first thing every morning, or after any long idle stretch — but reconnects fine the moment you walk over.","The printer works perfectly all day, then <a href=""https://support.hp.com/us-en/document/ish_2026537-1681507-16"" target=""_blank"" rel=""noopener"">shows offline</a> first thing every morning, or after any long idle stretch — but reconnects fine the moment you walk over."
"https://libertyprinterfix.com/hp/connectivity-issues/hp-printer-keeps-disconnecting-from-wifi","L12","https://www.hp.com/hp-app","HP Smart app","existing_phrase","Check for and install the latest firmware (internal software) on the printer itself (usually through its control panel's network or update menu, or via the HP Smart app) and on your router separately, through the router manufacturer's app or web interface.","Check for and install the latest firmware (internal software) on the printer itself (usually through its control panel's network or update menu, or via the <a href=""https://www.hp.com/hp-app"" target=""_blank"" rel=""noopener"">HP Smart app</a>) and on your router separately, through the router manufacturer's app or web interface."
"https://libertyprinterfix.com/hp/connectivity-issues/hp-printer-keeps-disconnecting-from-wifi","L16","https://www.hp.com/contacthp/","Contact HP","existing_phrase","Contact HP support with your model and serial number; wireless module faults are a standard warranty repair category.","<a href=""https://www.hp.com/contacthp/"" target=""_blank"" rel=""noopener"">Contact HP</a> support with your model and serial number; wireless module faults are a standard warranty repair category."
"https://libertyprinterfix.com/hp/drivers-software-firmware/hp-printer-linux-driver-install-ubuntu","L10","https://www.hp.com/us-en/tech-takes/printers/troubleshooting/printer-troubleshooting-common-problems-quick-fixes.html","test page","existing_phrase","Send a test page: Confirm the print test page prompt on your screen to verify communication.","Send a <a href=""https://www.hp.com/us-en/tech-takes/printers/troubleshooting/printer-troubleshooting-common-problems-quick-fixes.html"" target=""_blank"" rel=""noopener"">test page</a>: Confirm the print test page prompt on your screen to verify communication."
"https://libertyprinterfix.com/hp/mobile-cloud-printing/hp-printer-not-appearing-airprint-list-iphone","L12","https://www.hp.com/hp-app","HP Smart app","existing_phrase","On the HP Smart app: select your printer > Printer Details > Update Printer.","On the <a href=""https://www.hp.com/hp-app"" target=""_blank"" rel=""noopener"">HP Smart app</a>: select your printer > Printer Details > Update Printer."
"https://libertyprinterfix.com/hp/mobile-cloud-printing/hp-printer-not-appearing-airprint-list-iphone","L16","https://www.hp.com/contacthp/","Contact HP","existing_phrase","Contact HP Support at support.","<a href=""https://www.hp.com/contacthp/"" target=""_blank"" rel=""noopener"">Contact HP</a> Support at support."
"https://libertyprinterfix.com/hp/setup-installation/hp-printer-not-showing-up-on-macos-sequoia","L12","https://www.hp.com/hp-app","HP Smart app","existing_phrase","If HP Easy Start or the HP Smart app prompts you to install additional driver software during this process, you can decline that step for AirPrint-capable models specifically.","If HP Easy Start or the <a href=""https://www.hp.com/hp-app"" target=""_blank"" rel=""noopener"">HP Smart app</a> prompts you to install additional driver software during this process, you can decline that step for AirPrint-capable models specifically."
"https://libertyprinterfix.com/hp/drivers-software-firmware/hp-printer-not-working-after-windows-update","L12","https://www.hp.com/hp-app","HP Smart app","existing_phrase","Printer permanently ""Offline"", HP Smart app cannot discover printer.","Printer permanently ""Offline"", <a href=""https://www.hp.com/hp-app"" target=""_blank"" rel=""noopener"">HP Smart app</a> cannot discover printer."
"https://libertyprinterfix.com/hp/paper-handling-issues/hp-printer-paper-curling-out-of-tray","L16","https://www.hp.com/contacthp/","contact HP","existing_phrase","Cost, or contact HP support to confirm whether this is a covered issue if your printer remains under warranty.","Cost, or <a href=""https://www.hp.com/contacthp/"" target=""_blank"" rel=""noopener"">contact HP</a> support to confirm whether this is a covered issue if your printer remains under warranty."
"https://libertyprinterfix.com/hp/hardware-maintenance/hp-printer-printing-very-slowly","L12","https://www.hp.com/hp-app","HP Smart app","existing_phrase","In the HP Smart app, check Advanced Settings → Preferences → Quiet Mode.","In the <a href=""https://www.hp.com/hp-app"" target=""_blank"" rel=""noopener"">HP Smart app</a>, check Advanced Settings → Preferences → Quiet Mode."
"https://libertyprinterfix.com/hp/hardware-maintenance/hp-printer-printing-very-slowly","L16","https://www.hp.com/contacthp/","contact HP","existing_phrase","Printing remains persistently, uniformly slow across everything you print — contact HP support with your printer's serial number.","Printing remains persistently, uniformly slow across everything you print — <a href=""https://www.hp.com/contacthp/"" target=""_blank"" rel=""noopener"">contact HP</a> support with your printer's serial number."
"https://libertyprinterfix.com/hp/setup-installation/hp-printer-scan-to-email-gmail-setup","L16","https://www.hp.com/contacthp/","contact HP","existing_phrase","If firmware is current and it still fails, contact HP support with your printer's model and the specific error message shown, if any, since a persistent failure despite correct settings on the Gmail side points toward something worth their direct diagnostic attention.","If firmware is current and it still fails, <a href=""https://www.hp.com/contacthp/"" target=""_blank"" rel=""noopener"">contact HP</a> support with your printer's model and the specific error message shown, if any, since a persistent failure despite correct settings on the Gmail side points toward something worth their direct diagnostic attention."
"https://libertyprinterfix.com/hp/scanning-issues/hp-printer-scanning-not-working-linux-fix","L14","https://developers.hp.com/hp-linux-imaging-and-printing","HPLIP","existing_phrase","This indicates the scanner motor timed out or the HP proprietary plugin version does not match your installed HPLIP package.","This indicates the scanner motor timed out or the HP proprietary plugin version does not match your installed <a href=""https://developers.hp.com/hp-linux-imaging-and-printing"" target=""_blank"" rel=""noopener"">HPLIP</a> package."
"https://libertyprinterfix.com/hp/connectivity-issues/hp-printer-showing-two-devices-network","L16","https://www.hp.com/contacthp/","contact HP","existing_phrase","If you've confirmed only one network interface is active on the printer, cleaned up stale entries, set up a DHCP reservation, and restarted your router — and duplicate entries still keep appearing — contact HP support with your printer's model.","If you've confirmed only one network interface is active on the printer, cleaned up stale entries, set up a DHCP reservation, and restarted your router — and duplicate entries still keep appearing — <a href=""https://www.hp.com/contacthp/"" target=""_blank"" rel=""noopener"">contact HP</a> support with your printer's model."
"https://libertyprinterfix.com/hp/printing-problems/hp-printer-troubleshooting","L12","https://www.hp.com/hp-app","HP Smart App","existing_phrase","Modern HP printers rely heavily on software integration through the HP Smart App, the Windows Print Spooler, and Apple AirPrint architectures.","Modern HP printers rely heavily on software integration through the <a href=""https://www.hp.com/hp-app"" target=""_blank"" rel=""noopener"">HP Smart App</a>, the Windows Print Spooler, and Apple AirPrint architectures."
"https://libertyprinterfix.com/hp/printing-problems/hp-printer-troubleshooting","L16","https://www.hp.com/contacthp/","HP support","existing_phrase","Download and Install HP Full Feature Software: Navigate to official HP support, search your exact printer model, and download the full offline driver executable (avoid basic mini-drivers).","Download and Install HP Full Feature Software: Navigate to official <a href=""https://www.hp.com/contacthp/"" target=""_blank"" rel=""noopener"">HP support</a>, search your exact printer model, and download the full offline driver executable (avoid basic mini-drivers)."
"https://libertyprinterfix.com/hp/hardware-maintenance/hp-printer-vibrating-or-shaking","L16","https://www.hp.com/contacthp/","contact HP","existing_phrase","If neither resolves it, contact HP support with your printer's serial number and describe specifically when the vibration started and whether print quality has changed alongside it — that context helps distinguish a genuine developing mechanical fault from the normal carriage physics covered in this guide.","If neither resolves it, <a href=""https://www.hp.com/contacthp/"" target=""_blank"" rel=""noopener"">contact HP</a> support with your printer's serial number and describe specifically when the vibration started and whether print quality has changed alongside it — that context helps distinguish a genuine developing mechanical fault from the normal carriage physics covered in this guide."
"https://libertyprinterfix.com/hp/setup-installation/hp-printer-wont-print-from-chromebook-2026","L12","https://www.hp.com/hp-app","HP Smart","existing_phrase","Try the HP Smart Android app if your Chromebook supports Android apps.","Try the <a href=""https://www.hp.com/hp-app"" target=""_blank"" rel=""noopener"">HP Smart</a> Android app if your Chromebook supports Android apps."
"https://libertyprinterfix.com/hp/setup-installation/hp-printer-wont-print-from-chromebook-2026","L16","https://www.hp.com/contacthp/","Contact HP","existing_phrase","Contact HP support with your printer model.","<a href=""https://www.hp.com/contacthp/"" target=""_blank"" rel=""noopener"">Contact HP</a> support with your printer model."
"https://libertyprinterfix.com/hp/hardware-maintenance/hp-printer-wont-turn-on-no-power-light","L16","https://www.hp.com/contacthp/","Contact HP","existing_phrase","Contact HP support with your printer's serial number;","<a href=""https://www.hp.com/contacthp/"" target=""_blank"" rel=""noopener"">Contact HP</a> support with your printer's serial number;"
"https://libertyprinterfix.com/hp/print-quality-issues/hp-printhead-alignment-failed-repeatedly","L10","https://www.hp.com/us-en/tech-takes/printers/troubleshooting/printer-troubleshooting-common-problems-quick-fixes.html","Clean the printhead","existing_phrase","Clean the printhead before attempting alignment again.","<a href=""https://www.hp.com/us-en/tech-takes/printers/troubleshooting/printer-troubleshooting-common-problems-quick-fixes.html"" target=""_blank"" rel=""noopener"">Clean the printhead</a> before attempting alignment again."
"https://libertyprinterfix.com/hp/print-quality-issues/hp-printhead-alignment-failed-repeatedly","L12","https://www.hp.com/hp-app","HP Smart","existing_phrase","Check actual reported levels through the HP Smart app or your printer's status display for every color, not just the ones you assume might be running low.","Check actual reported levels through the <a href=""https://www.hp.com/hp-app"" target=""_blank"" rel=""noopener"">HP Smart</a> app or your printer's status display for every color, not just the ones you assume might be running low."
"https://libertyprinterfix.com/hp/print-quality-issues/hp-printhead-alignment-failed-repeatedly","L16","https://www.hp.com/contacthp/","Contact HP","existing_phrase","Contact HP support with your printer's serial number and describe specifically that alignment fails consistently despite addressing paper, ink, cleaning, and scanner glass, since ruling out those common causes helps direct their diagnostic more efficiently toward genuine hardware possibilities.","<a href=""https://www.hp.com/contacthp/"" target=""_blank"" rel=""noopener"">Contact HP</a> support with your printer's serial number and describe specifically that alignment fails consistently despite addressing paper, ink, cleaning, and scanner glass, since ruling out those common causes helps direct their diagnostic more efficiently toward genuine hardware possibilities."
"https://libertyprinterfix.com/hp/scanning-issues/hp-scanner-says-door-open-when-closed","L16","https://www.hp.com/contacthp/","Contact HP","existing_phrase","Contact HP support with your printer's model and serial number, and mention specifically that you've ruled out obstruction, alignment, and magnetic interference, since that helps direct their diagnosis more efficiently toward a genuine sensor hardware issue.","<a href=""https://www.hp.com/contacthp/"" target=""_blank"" rel=""noopener"">Contact HP</a> support with your printer's model and serial number, and mention specifically that you've ruled out obstruction, alignment, and magnetic interference, since that helps direct their diagnosis more efficiently toward a genuine sensor hardware issue."
"https://libertyprinterfix.com/hp/setup-installation/hp-smart-app-cant-find-printer-windows-11","L12","https://www.hp.com/hp-app","HP Smart app","existing_phrase","Check Windows Firewall exceptions for the HP Smart app.","Check Windows Firewall exceptions for the <a href=""https://www.hp.com/hp-app"" target=""_blank"" rel=""noopener"">HP Smart app</a>."
"https://libertyprinterfix.com/hp/setup-installation/hp-smart-app-cant-find-printer-windows-11","L16","https://www.hp.com/contacthp/","Contact HP","existing_phrase","Contact HP support with your printer's model and serial number; a Wi-Fi radio fault inside the printer itself becomes the more likely explanation at that point.","<a href=""https://www.hp.com/contacthp/"" target=""_blank"" rel=""noopener"">Contact HP</a> support with your printer's model and serial number; a Wi-Fi radio fault inside the printer itself becomes the more likely explanation at that point."
"https://libertyprinterfix.com/hp/connectivity-issues/hp-smart-app-scan-to-pc-not-showing","L12","https://www.hp.com/hp-app","HP Smart","existing_phrase","Check that HP Smart is fully updated, not running an older cached version.","Check that <a href=""https://www.hp.com/hp-app"" target=""_blank"" rel=""noopener"">HP Smart</a> is fully updated, not running an older cached version."
"https://libertyprinterfix.com/hp/connectivity-issues/hp-smart-app-scan-to-pc-not-showing","L16","https://www.hp.com/contacthp/","contact HP","existing_phrase","If no computer on the network can receive a scan, contact HP support with your printer's model.","If no computer on the network can receive a scan, <a href=""https://www.hp.com/contacthp/"" target=""_blank"" rel=""noopener"">contact HP</a> support with your printer's model."
"https://libertyprinterfix.com/hp/printing-problems/hp-smart-app-stuck-searching-for-printer","L12","https://www.hp.com/hp-app","HP Smart","existing_phrase","On Android specifically, go to your phone's app settings, find HP Smart.","On Android specifically, go to your phone's app settings, find <a href=""https://www.hp.com/hp-app"" target=""_blank"" rel=""noopener"">HP Smart</a>."
"https://libertyprinterfix.com/hp/printing-problems/hp-smart-app-stuck-searching-for-printer","L16","https://www.hp.com/contacthp/","Contact HP","existing_phrase","Contact HP support with your printer's model and serial number, since a failing Wi-Fi radio inside the printer itself becomes the more likely explanation at that point.","<a href=""https://www.hp.com/contacthp/"" target=""_blank"" rel=""noopener"">Contact HP</a> support with your printer's model and serial number, since a failing Wi-Fi radio inside the printer itself becomes the more likely explanation at that point."
"https://libertyprinterfix.com/hp/error-codes-alerts/hp-smart-tank-5101-printhead-error","L8","https://support.hp.com/us-en/document/ish_1740122-1449154-16","printhead error","existing_phrase","The HP Smart Tank 5101 shows a printhead error (often indicated by a blinking orange light or an exclamation mark icon on the display) when:","The HP Smart Tank 5101 shows a <a href=""https://support.hp.com/us-en/document/ish_1740122-1449154-16"" target=""_blank"" rel=""noopener"">printhead error</a> (often indicated by a blinking orange light or an exclamation mark icon on the display) when:"
"https://libertyprinterfix.com/hp/error-codes-alerts/hp-smart-tank-5101-printhead-error","L10","https://www.hp.com/us-en/tech-takes/printers/troubleshooting/printer-troubleshooting-common-problems-quick-fixes.html","Clean the printhead","existing_phrase","Clean the printhead contacts with IPA: Dampen a lint-free cloth or foam swab with 99% isopropyl alcohol (IPA).","<a href=""https://www.hp.com/us-en/tech-takes/printers/troubleshooting/printer-troubleshooting-common-problems-quick-fixes.html"" target=""_blank"" rel=""noopener"">Clean the printhead</a> contacts with IPA: Dampen a lint-free cloth or foam swab with 99% isopropyl alcohol (IPA)."
"https://libertyprinterfix.com/hp/error-codes-alerts/hp-smart-tank-5101-printhead-error","L12","https://www.hp.com/hp-app","HP Smart","existing_phrase","Can I use third-party ink in the HP Smart Tank 5101?","Can I use third-party ink in the <a href=""https://www.hp.com/hp-app"" target=""_blank"" rel=""noopener"">HP Smart</a> Tank 5101?"
"https://libertyprinterfix.com/hp/ink-toner-issues/hp-smart-tank-720-ink-not-flowing","L12","https://www.hp.com/hp-app","HP Smart","existing_phrase","Run the built-in priming cycle through HP Smart or the control panel.","Run the built-in priming cycle through <a href=""https://www.hp.com/hp-app"" target=""_blank"" rel=""noopener"">HP Smart</a> or the control panel."
"https://libertyprinterfix.com/hp/ink-toner-issues/hp-smart-tank-720-ink-not-flowing","L10","https://www.hp.com/us-en/tech-takes/printers/troubleshooting/printer-troubleshooting-common-problems-quick-fixes.html","cleaning cycle","existing_phrase","Why this works: priming is a more forceful version of the standard cleaning cycle, specifically designed to pull ink all the way through the entire supply line from tank to nozzle, actively working against exactly the kind of air pocket that a light cleaning cycle sometimes can't shift.","Why this works: priming is a more forceful version of the standard <a href=""https://www.hp.com/us-en/tech-takes/printers/troubleshooting/printer-troubleshooting-common-problems-quick-fixes.html"" target=""_blank"" rel=""noopener"">cleaning cycle</a>, specifically designed to pull ink all the way through the entire supply line from tank to nozzle, actively working against exactly the kind of air pocket that a light cleaning cycle sometimes can't shift."
"https://libertyprinterfix.com/hp/ink-toner-issues/hp-smart-tank-720-ink-not-flowing","L16","https://www.hp.com/contacthp/","Contact HP","existing_phrase","Contact HP support with your serial number; check current warranty status, since supply system faults are a recognized category on the Smart Tank line.","<a href=""https://www.hp.com/contacthp/"" target=""_blank"" rel=""noopener"">Contact HP</a> support with your serial number; check current warranty status, since supply system faults are a recognized category on the Smart Tank line."
"https://libertyprinterfix.com/hp/hardware-maintenance/hp-smart-tank-7602-fax-not-working","L12","https://www.hp.com/hp-app","HP Smart","existing_phrase","HP Smart Tank 7602 fax not working often has nothing to do with the printer at all — it's your phone line.","<a href=""https://www.hp.com/hp-app"" target=""_blank"" rel=""noopener"">HP Smart</a> Tank 7602 fax not working often has nothing to do with the printer at all — it's your phone line."
"https://libertyprinterfix.com/hp/hardware-maintenance/hp-smart-tank-7602-fax-not-working","L16","https://www.hp.com/contacthp/","contact HP","existing_phrase","If you've confirmed a genuine analog dial tone, isolated the line from other devices, verified fax settings, tried a slower speed, and ruled out VoIP as the underlying cause — and fax still won't send or receive reliably — contact HP support with your printer's serial number, since a failing fax modem inside the unit becomes the more likely remaining explanation.","If you've confirmed a genuine analog dial tone, isolated the line from other devices, verified fax settings, tried a slower speed, and ruled out VoIP as the underlying cause — and fax still won't send or receive reliably — <a href=""https://www.hp.com/contacthp/"" target=""_blank"" rel=""noopener"">contact HP</a> support with your printer's serial number, since a failing fax modem inside the unit becomes the more likely remaining explanation."
"https://libertyprinterfix.com/hp/ink-toner-issues/hp-sprocket-cartridge-not-recognized-fix","L16","https://www.hp.com/contacthp/","warranty","existing_phrase","Unfortunately, opening the chassis to reseat this cable voids the warranty.","Unfortunately, opening the chassis to reseat this cable voids the <a href=""https://www.hp.com/contacthp/"" target=""_blank"" rel=""noopener"">warranty</a>."
"https://libertyprinterfix.com/hp/setup-installation/hp-sprocket-luna-pearl-setup-guide","L12","https://www.hp.com/hp-app","HP Smart app","existing_phrase","You must download the HP Sprocket app, not the standard HP Smart app used for their desktop inkjet and laser printers.","You must download the HP Sprocket app, not the standard <a href=""https://www.hp.com/hp-app"" target=""_blank"" rel=""noopener"">HP Smart app</a> used for their desktop inkjet and laser printers."
"https://libertyprinterfix.com/hp/setup-installation/hp-sprocket-luna-pearl-setup-guide","L16","https://www.hp.com/contacthp/","Warranty","existing_phrase","Regulatory and Warranty Information: Standard legal documentation covering safety, compliance, and warranty terms for your region.","Regulatory and <a href=""https://www.hp.com/contacthp/"" target=""_blank"" rel=""noopener"">Warranty</a> Information: Standard legal documentation covering safety, compliance, and warranty terms for your region."
"https://libertyprinterfix.com/hp/print-quality-issues/hp-sprocket-prints-blank-fix","L10","https://www.hp.com/us-en/tech-takes/printers/troubleshooting/printer-troubleshooting-common-problems-quick-fixes.html","Clean the Printhead","existing_phrase","Clean the Printhead Manually (If Necessary): If you have run the blue Smartsheet multiple times.","<a href=""https://www.hp.com/us-en/tech-takes/printers/troubleshooting/printer-troubleshooting-common-problems-quick-fixes.html"" target=""_blank"" rel=""noopener"">Clean the Printhead</a> Manually (If Necessary): If you have run the blue Smartsheet multiple times."
"https://libertyprinterfix.com/hp/print-quality-issues/hp-sprocket-prints-blank-fix","L16","https://www.hp.com/contacthp/","warranty","existing_phrase","Still under the manufacturer's warranty, this is the precise moment you should contact HP customer support for a replacement unit.","Still under the manufacturer's <a href=""https://www.hp.com/contacthp/"" target=""_blank"" rel=""noopener"">warranty</a>, this is the precise moment you should contact HP customer support for a replacement unit."
"https://libertyprinterfix.com/hp/connectivity-issues/hp-sprocket-wont-connect-bluetooth-fix","L12","https://www.hp.com/hp-app","HP app","existing_phrase","However, The data pipeline required by the HP app has been silently shut down by the battery optimizer.","However, The data pipeline required by the <a href=""https://www.hp.com/hp-app"" target=""_blank"" rel=""noopener"">HP app</a> has been silently shut down by the battery optimizer."
"https://libertyprinterfix.com/hp/connectivity-issues/hp-sprocket-wont-connect-bluetooth-fix","L16","https://www.hp.com/contacthp/","warranty","existing_phrase","You aren't alone, and this is completely fixable without voiding your warranty or opening the device.","You aren't alone, and this is completely fixable without voiding your <a href=""https://www.hp.com/contacthp/"" target=""_blank"" rel=""noopener"">warranty</a> or opening the device."
"https://libertyprinterfix.com/hp/printing-problems/hp-tango-x-not-printing-color-correctly","L12","https://www.hp.com/hp-app","HP Smart","existing_phrase","Run a Print Quality Diagnostic through HP Smart to rule out an actual ink problem.","Run a Print Quality Diagnostic through <a href=""https://www.hp.com/hp-app"" target=""_blank"" rel=""noopener"">HP Smart</a> to rule out an actual ink problem."
"https://libertyprinterfix.com/hp/printing-problems/hp-tango-x-not-printing-color-correctly","L10","https://www.hp.com/us-en/tech-takes/printers/troubleshooting/printer-troubleshooting-common-problems-quick-fixes.html","test page","existing_phrase","This test page prints directly from the printer's own internal system, bypassing your computer's driver.","This <a href=""https://www.hp.com/us-en/tech-takes/printers/troubleshooting/printer-troubleshooting-common-problems-quick-fixes.html"" target=""_blank"" rel=""noopener"">test page</a> prints directly from the printer's own internal system, bypassing your computer's driver."
"https://libertyprinterfix.com/hp/printing-problems/hp-tango-x-not-printing-color-correctly","L16","https://www.hp.com/contacthp/","contact HP","existing_phrase","If the Print Quality Diagnostic page itself prints in black and white or with visibly weak, patchy color despite full cartridges, that points toward an actual hardware issue — clean the printhead through HP Smart's maintenance menu, and if color still doesn't appear on that internal diagnostic page specifically, contact HP support with your serial number, since this now points toward a printhead or cartridge fault rather than a driver problem.","If the Print Quality Diagnostic page itself prints in black and white or with visibly weak, patchy color despite full cartridges, that points toward an actual hardware issue — clean the printhead through HP Smart's maintenance menu, and if color still doesn't appear on that internal diagnostic page specifically, <a href=""https://www.hp.com/contacthp/"" target=""_blank"" rel=""noopener"">contact HP</a> support with your serial number, since this now points toward a printhead or cartridge fault rather than a driver problem."
"https://libertyprinterfix.com/hp/print-quality-issues/hp-toner-streaking-down-page","L9","https://support.hp.com/us-en/document/c05029966","streaks","existing_phrase","Sharp lines) or a contaminated fuser (smudged, dirty streaks) is the likely remaining explanation.","Sharp lines) or a contaminated fuser (smudged, dirty <a href=""https://support.hp.com/us-en/document/c05029966"" target=""_blank"" rel=""noopener"">streaks</a>) is the likely remaining explanation."
"https://libertyprinterfix.com/hp/print-quality-issues/hp-toner-streaking-down-page","L16","https://www.hp.com/contacthp/","Contact HP","existing_phrase","Contact HP support or a repair technician with your printer's serial number .","<a href=""https://www.hp.com/contacthp/"" target=""_blank"" rel=""noopener"">Contact HP</a> support or a repair technician with your printer's serial number ."
"https://libertyprinterfix.com/hp/drivers-software-firmware/hp-utility-not-opening-mac","L12","https://www.hp.com/hp-app","HP Smart app","existing_phrase","Sonoma), HP Utility may either fail to open or show a message that it is no longer supported.HP Smart app, available free from the Mac App Store.","Sonoma), HP Utility may either fail to open or show a message that it is no longer supported.<a href=""https://www.hp.com/hp-app"" target=""_blank"" rel=""noopener"">HP Smart app</a>, available free from the Mac App Store."
"https://libertyprinterfix.com/hp/drivers-software-firmware/hp-utility-not-opening-mac","L16","https://www.hp.com/contacthp/","contact HP","existing_phrase","HP Utility still won't open after a fresh reinstall and a printing system reset, contact HP Support at support.","HP Utility still won't open after a fresh reinstall and a printing system reset, <a href=""https://www.hp.com/contacthp/"" target=""_blank"" rel=""noopener"">contact HP</a> Support at support."
"https://libertyprinterfix.com/hp/connectivity-issues/hp-web-jetadmin-not-discovering-printers","L16","https://www.hp.com/contacthp/","Contact HP","existing_phrase","Contact HP Enterprise Support at hp.","<a href=""https://www.hp.com/contacthp/"" target=""_blank"" rel=""noopener"">Contact HP</a> Enterprise Support at hp."
"https://libertyprinterfix.com/hp/connectivity-issues/hp-wireless-direct-not-appearing-on-phone","L16","https://www.hp.com/contacthp/","contact HP","existing_phrase","If another device sees the signal fine, the issue is specific to your original phone's Wi-Fi hardware or settings, worth checking with your phone's manufacturer.If no device can find the signal at all, contact HP support with your printer's model.","If another device sees the signal fine, the issue is specific to your original phone's Wi-Fi hardware or settings, worth checking with your phone's manufacturer.If no device can find the signal at all, <a href=""https://www.hp.com/contacthp/"" target=""_blank"" rel=""noopener"">contact HP</a> support with your printer's model."
"https://libertyprinterfix.com/hp/connectivity-issues/hplip-not-detecting-printer-fix","L14","https://developers.hp.com/hp-linux-imaging-and-printing","HPLIP","existing_phrase","Verify HPLIP udev rules: Ensure the HP device rules file exists: ls -l /etc/udev/rules.","Verify <a href=""https://developers.hp.com/hp-linux-imaging-and-printing"" target=""_blank"" rel=""noopener"">HPLIP</a> udev rules: Ensure the HP device rules file exists: ls -l /etc/udev/rules."
"https://libertyprinterfix.com/hp/ink-toner-issues/instant-ink-cartridge-shows-empty-but-full","L15","https://www.hp.com/us-en/printers/instant-ink.html","Instant Ink","existing_phrase","Once you understand how Instant Ink actually measures ""empty,"" the disagreement makes complete sense.","Once you understand how <a href=""https://www.hp.com/us-en/printers/instant-ink.html"" target=""_blank"" rel=""noopener"">Instant Ink</a> actually measures ""empty,"" the disagreement makes complete sense."
"https://libertyprinterfix.com/hp/ink-toner-issues/instant-ink-cartridge-shows-empty-but-full","L12","https://www.hp.com/hp-app","HP Smart","existing_phrase","Force a manual sync through the HP Smart app.","Force a manual sync through the <a href=""https://www.hp.com/hp-app"" target=""_blank"" rel=""noopener"">HP Smart</a> app."
"https://libertyprinterfix.com/hp/ink-toner-issues/instant-ink-cartridge-shows-empty-but-full","L10","https://www.hp.com/us-en/tech-takes/printers/troubleshooting/printer-troubleshooting-common-problems-quick-fixes.html","test page","existing_phrase","Try printing a test page, since sometimes the successful sync happens before the visual indicator on the printer itself catches up.","Try printing a <a href=""https://www.hp.com/us-en/tech-takes/printers/troubleshooting/printer-troubleshooting-common-problems-quick-fixes.html"" target=""_blank"" rel=""noopener"">test page</a>, since sometimes the successful sync happens before the visual indicator on the printer itself catches up."
"https://libertyprinterfix.com/hp/email-printing/print-emails-from-iphone-android-wireless-printer-guide","L12","https://www.hp.com/hp-app","HP Smart","existing_phrase","No, standard Android devices include the Default Print Service; manufacturer apps (like HP Smart or Canon PRINT) are optional.","No, standard Android devices include the Default Print Service; manufacturer apps (like <a href=""https://www.hp.com/hp-app"" target=""_blank"" rel=""noopener"">HP Smart</a> or Canon PRINT) are optional."
"https://libertyprinterfix.com/hp/setup-installation/uninstall-hp-smart-app-without-breaking-printer","L12","https://www.hp.com/hp-app","HP Smart","existing_phrase","Uninstall HP Smart through normal Windows uninstall, not by deleting files manually.","Uninstall <a href=""https://www.hp.com/hp-app"" target=""_blank"" rel=""noopener"">HP Smart</a> through normal Windows uninstall, not by deleting files manually."
"https://libertyprinterfix.com/hp/setup-installation/uninstall-hp-smart-app-without-breaking-printer","L16","https://www.hp.com/contacthp/","contact HP","existing_phrase","If that still doesn't resolve it, contact HP support with your printer's model.","If that still doesn't resolve it, <a href=""https://www.hp.com/contacthp/"" target=""_blank"" rel=""noopener"">contact HP</a> support with your printer's model."